iter	RMSE
0	99637.25414
1	79449.16787
2	65146.98028
3	57524.49687
4	52665.50034
5	49816.12468
6	47972.94875
7	46614.45
8	45867.06526
9	45147.60133
